Place_id,Bank_Name,Address,State
ChIJAzju86C5t4kRp_Ufu7D1RXU,M&T Bank,"2865 Alabama Ave SE, Washington, DC 20020, United States",Alabama
ChIJAaCpYCWMyIkRjkH9LhsNYVI,M&T Bank,"425 Loucks Rd, York, PA 17404, United States",Arkansas
ChIJP7T0KwoO6IkRBnXGOK6CzO8,M&T Bank,"850 Main St, Bridgeport, CT 06604, United States",Connecticut
ChIJi0OVAz4Q6IkRVYWMz12Izuo,M&T Bank,"1055 Post Rd, Fairfield, CT 06824, United States",Connecticut
ChIJZcbrrax2K4cRjlLcpTjJrhk,M&T Bank,"1 Financial Plaza, Hartford, CT 06103, United States",Connecticut
ChIJ_c_VD0pV5okR3KMByTd4y90,M&T Bank,"957 Main St, East Hartford, CT 06108, United States",Connecticut
ChIJE_yijnG354kRe6AKB0fEmrk,M&T Bank,"1 Center St, Southington, CT 06489, United States",Connecticut
ChIJU0dyTWKz54kRe3pMbQzSpIg,M&T Bank,"1095 Main St, Newington, CT 06111, United States",Connecticut
ChIJFcm7FyWqwokR1GXRVtsE62s,M&T Bank,"2 Prospect St, Ridgefield, CT 06877, United States",Connecticut
ChIJE_WdJFL-54kRH7kIeKhFF-s,M&T Bank,"146 Greenwood Ave, Bethel, CT 06801, United States",Connecticut
ChIJoZnbWTwQ6IkRjiY2F6nfk4A,M&T Bank,"837 Post Rd, Fairfield, CT 06824, United States",Connecticut
ChIJJ6EsOJAP5okRjZ_QkOI07bs,M&T Bank,"124 Boston Post Rd, Waterford, CT 06385, United States",Connecticut
ChIJez7pggcd6IkRVMSk3tpwm7g,M&T Bank,"501 Merritt 7, Norwalk, CT 06851, United States",Connecticut
ChIJRY9aQDH35okRzWB9OGQzK4E,M&T Bank,"6 Pitkin Rd, Vernon, CT 06066, United States",Connecticut
ChIJWaapIXWz54kRF3NkEQu_AYE,M&T Bank,"73 Broad St, New Britain, CT 06053, United States",Connecticut
ChIJeaHU7BpT5okRWiajMpL83SA,M&T Bank,"290 Franklin Ave, Hartford, CT 06114, United States",Connecticut
ChIJQdwmSjNT5okRc2liF5fVFxQ,M&T Bank,"150 New Park Ave, Hartford, CT 06106, United States",Connecticut
ChIJRxxZ9Hyr54kRalizWoeSmQk,M&T Bank,"714 N Main St, West Hartford, CT 06117, United States",Connecticut
ChIJPeIPFL8P6IkR2xsQc_e0Cnw,M&T Bank,"1940 Black Rock Tpke, Fairfield, CT 06825, United States",Connecticut
ChIJ-RepWIRN5okRq-oyOExxj6w,M&T Bank,"1310 Silas Deane Hwy, Wethersfield, CT 06109, United States",Connecticut
ChIJRReIZwZC5okRgzehT1MzsG4,M&T Bank,"99 Linwood Ave, Colchester, CT 06415, United States",Connecticut
ChIJSSA-syTK54kRvN0Xq-iM89M,M&T Bank,"485 Broad St, Meriden, CT 06450, United States",Connecticut
ChIJ1_XAKQ_9xokRUytTHqBWx7o,M&T Bank,"1207 N Union St, Wilmington, DE 19806, United States",Delaware
ChIJ7VpqTckBx4kRBFutx9BSwV0,M&T Bank,"2371 Limestone Rd, Wilmington, DE 19808, United States",Delaware
ChIJRd-zbyCox4kR2r8cE-abyk0,M&T Bank,"10 Fox Hunt Dr, Bear, DE 19701, United States",Delaware
ChIJ4yzEOXADx4kRmlaBukA399E,M&T Bank,"210 Delaware St, New Castle, DE 19720, United States",Delaware
ChIJzws7m0D9xokR554sHuzzAiM,M&T Bank,"1007 N Market St Suite 12, Wilmington, DE 19801, United States",Delaware
ChIJQWHvzQzkxokRPiz6wQYnarw,M&T Bank,"3530 Philadelphia Pike, Claymont, DE 19703, United States",Delaware
ChIJVf1UXEkBx4kRV_vFF1BBaQQ,M&T Bank,"287 Christiana Rd Suite 16, New Castle, DE 19720, United States",Delaware
ChIJXQADYDCqx4kR05VVsCfwL34,M&T Bank,"82 E Main St, Newark, DE 19711, United States",Delaware
ChIJe3JPB0r8xokR7Ma6-H0daJc,M&T Bank,"3801 Kennett Pike, Wilmington, DE 19807, United States",Delaware
ChIJGbuBmmDCuIkRLPwpHCNjGKU,M&T Bank,"28529 Dupont Blvd, Millsboro, DE 19966, United States",Delaware
ChIJE0J1ILz8xokRQ4xY2Ual5uE,M&T Bank,"2301 Concord Pike, Wilmington, DE 19803, United States",Delaware
ChIJoWDvE9bixokRouJ8hxFs_FE,M&T Bank,"15 W Lea Blvd, Wilmington, DE 19802, United States",Delaware
ChIJO74BW2TGuIkRwbKMY_kka3M,M&T Bank,"31860 Long Neck Rd, Long Neck, DE 19966, United States",Delaware
ChIJ-Y-eKTXOuIkRnz6PWO47EaQ,M&T Bank,"38015 Town Center Dr, Millville, DE 19967, United States",Delaware
ChIJ30MDK-Fwx4kREuLmtM2R6FM,M&T Bank,"600 Jimmy Dr, Smyrna, DE 19977, United States",Delaware
ChIJPzodt2Wpx4kRx5UPDdT-GbM,M&T Bank,"550 Suburban Dr, Newark, DE 19711, United States",Delaware
ChIJRcsNdSZjx4kRzNlLJLjEw-E,M&T Bank,"1001 E Lebanon Rd, Dover, DE 19901, United States",Delaware
ChIJ71Mb0HMDx4kR2Tuwi3LDoHM,M&T Bank,"38 Ferry Cut Off St, New Castle, DE 19720, United States",Delaware
ChIJHZIQj5_kxokRh_5bQP8Ju98,M&T Bank,"1812 Marsh Rd, Wilmington, DE 19810, United States",Delaware
ChIJaUjEHhgCx4kREtvROaoCzhM,M&T Bank,"100 N James St, Newport, DE 19804, United States",Delaware
ChIJg45H4dwq34gRmVllPPlRwhY,M&T Bank ATM,"2000 PGA Boulevard Suite 4400, North Palm Beach, FL 33408, United States",Florida
ChIJb5OUiYnIt4kREyuxxiMHZKA,M&T Bank,"6434 Georgia Ave NW West, Washington, DC 20012, United States",Georgia
ChIJxw3udzbTkocRHH0xOzdJXj8,M&T Bank,"43 Albany St, Manning, IA 51455, United States",Iowa
ChIJBWjqTpmsSogRyIF4KmHT9Fo,M&T Bank,"46 S 2nd St, Oakland, MD 21550, United States",Kentucky
ChIJH4CDEm6HrUwR-NzFFZFkmds,M&T Bank,"112 Maine St, Brunswick, ME 04011, United States",Maine
ChIJs4Fzr6GYskwR5BPmRYtC_rQ,M&T Bank,"439 US-1, Scarborough, ME 04074, United States",Maine
ChIJQ_TrzFGtskwRvuvRHEYpg98,M&T Bank,"100 Main St, Kennebunk, ME 04043, United States",Maine
ChIJd7Zh1ciGskwRl-fv4_CTtk4,M&T Bank,"233 Main St, Yarmouth, ME 04096, United States",Maine
ChIJbwI5RIKeskwRwmXmx7bWi-g,M&T Bank,"15 Hinckley Dr, South Portland, ME 04106, United States",Maine
ChIJo2IN022LskwRUmvvPyGuM_o,M&T Bank,"780 Roosevelt Trail, Windham, ME 04062, United States",Maine
ChIJcXpOHleDskwRkAhncJbtxBM,M&T Bank,"188 US-1, Falmouth, ME 04105, United States",Maine
ChIJP2iSmT-cskwRh22LOtX815A,M&T Bank,"350 Fore St, Portland, ME 04101, United States",Maine
ChIJ53bga1664okRsL28F0jJNGc,M&T Bank,"11 Woodbridge Rd, York, ME 03909, United States",Maine
ChIJ8T1UWw2askwRth0mpOPRgpw,M&T Bank,"790 Main St, Westbrook, ME 04092, United States",Maine
ChIJE5OD_Cmo4okRqEb0cLsnqDk,M&T Bank,"1597 Post Rd, Wells, ME 04090, United States",Maine
ChIJdbRlKfmkskwR4YAIYZwcGjQ,M&T Bank,"28 Adams St, Biddeford, ME 04005, United States",Maine
ChIJcW7USSDjskwRrY4YtA47Izg,M&T Bank,"129 Federal Rd, Parsonsfield, ME 04047, United States",Maine
ChIJYxPEMZOrskwRAvKta1M9U3c,M&T Bank,"3 Elm St, Kennebunkport, ME 04046, United States",Maine
ChIJu-4dyB6_4okRNrDxQvFrSI4,M&T Bank,"17 Walker St, Kittery, ME 03904, United States",Maine
ChIJIf2JK1kDyIkRbvswfx74YG4,M&T Bank,"22 S Greene St, Baltimore, MD 21201, United States",Maryland
ChIJOZPWK7vNt4kR_COIQEUdChE,M&T Bank,"51 W Edmonston Dr, Rockville, MD 20852, United States",Maryland
ChIJPSUmIdUCyIkRCJgZ5wcM8rY,M&T Bank,"3470 Annapolis Rd, Halethorpe, MD 21227, United States",Maryland
ChIJR7PZUBzFt4kRT8SKMG56gTY,M&T Bank,"12200 Tech Rd, Silver Spring, MD 20904, United States",Maryland
ChIJncyKB1eVt4kRuAozZR2WzkY,M&T Bank,"10410 Campus Way S, Largo, MD 20774, United States",Maryland
ChIJkWGq277Gt4kRKz2rbNygiVY,M&T Bank,"4511 Knox Rd, College Park, MD 20740, United States",Maryland
ChIJMdBIOBPdt4kRvhYRVORdprw,M&T Bank,"207 Bowie Rd, Laurel, MD 20707, United States",Maryland
ChIJqWijcIXSt4kRXSr5PRDwxv8,M&T Bank,"15190 Frederick Rd, Rockville, MD 20850, United States",Maryland
ChIJsTL1XPsfyIkRti-e61sXyE0,M&T Bank,"4915 Executive Park Dr, Columbia, MD 21045, United States",Maryland
ChIJ1_8u-9zRt4kR5oq52S-1QCI,M&T Bank,"3866 International Dr, Silver Spring, MD 20906, United States",Maryland
ChIJbU8H3Q7jt4kR_pyNto2-aI8,M&T Bank,"7500 B, Connelley Dr, Hanover, MD 21076, United States",Maryland
ChIJ0TQcyaIEyIkRXWqk26yi9h0,M&T Bank,"715 N Howard St, Baltimore, MD 21201, United States",Maryland
ChIJRSeQC3vJt4kRObF9qnPmGhY,M&T Bank,"4800 Hampden Ln, Bethesda, MD 20814, United States",Maryland
ChIJZcTArpDft4kRGrLnlPGA6Ag,M&T Bank,"10025 Governor Warfield Pkwy, Columbia, MD 21044, United States",Maryland
ChIJbw_vkZTHt4kRCyDM9wPDezQ,M&T Bank,"3972 Campus Dr, College Park, MD 20742, United States",Maryland
ChIJ6Z9-UHEDyIkRc2B7BBPcSfs,M&T Bank,"1725 Whetstone Way, Baltimore, MD 21230, United States",Maryland
ChIJpX4e1xYttokRucaVtLD6RWw,M&T Bank,"5 Bank St, Gaithersburg, MD 20878, United States",Maryland
ChIJV7H36q8PyIkRGT2i70mjO04,M&T Bank,"405 Washington Ave, Towson, MD 21204, United States",Maryland
ChIJfbIvY4q8t4kRD2drgElHTcM,M&T Bank,"6304 Kirby Rd, Clinton, MD 20735, United States",Maryland
ChIJ-yPtWNTDt4kR5GwPLT0BGcI,M&T Bank,"7599 Greenbelt Rd, Greenbelt, MD 20770, United States",Maryland
ChIJ-6I7M1AT44kRgDe7BIPdGDk,M&T Bank,"2 Central St, Peabody, MA 01960, United States",Massachusetts
ChIJmW-qCsp344kRU6UUxYINdR0,M&T Bank,"2 Leonard St, Belmont, MA 02478, United States",Massachusetts
ChIJ5zqrcVR344kRrDgp8M2zfKM,M&T Bank,"485 Massachusetts Ave, Cambridge, MA 02139, United States",Massachusetts
ChIJy-nf5qlx44kRN7bj-0ci8p4,M&T Bank,"357 Beacham St, Chelsea, MA 02150, United States",Massachusetts
ChIJs17raHuL44kRuFBxmBqsfJA,M&T Bank,"234 E Main St, Marlborough, MA 01752, United States",Massachusetts
ChIJg21jz3R644kRl38QZZXj9Po,M&T Bank,"425 Boylston St, Boston, MA 02116, United States",Massachusetts
ChIJkcAkNJpw44kRG4Y-jcGUSQ4,M&T Bank,"218 Cambridge St, Boston, MA 02114, United States",Massachusetts
ChIJQSOlfuVx44kRAIrrfNH-7Oc,M&T Bank,"310 Broadway, Revere, MA 02151, United States",Massachusetts
ChIJmXO0dmkT44kRlUeqFE9DSFM,M&T Bank,"7 Traders Way, Salem, MA 01970, United States",Massachusetts
ChIJcwkvRtGd44kRgbR5ps8XLNM,M&T Bank,"46 Bedford St, Lexington, MA 02420, United States",Massachusetts
ChIJV7-1ZpNy44kRTpr-IKW0oGo,M&T Bank,"584 Broadway, Saugus, MA 01906, United States",Massachusetts
ChIJF7aXSiiD44kRHs9wV0DTLfg,M&T Bank,"775 Main St, Waltham, MA 02451, United States",Massachusetts
ChIJR_JdzOJj44kR40WYrbKkREg,M&T Bank ATM,"465 Washington St, Quincy, MA 02169, United States",Massachusetts
ChIJuXfLqMsG5IkRDpT3HIVLcLw,M&T Bank,"4 Mower St, Worcester, MA 01602, United States",Massachusetts
ChIJqR-FhqsH5IkR2FERLn50e1M,M&T Bank,"75 Gold Star Blvd, Worcester, MA 01605, United States",Massachusetts
ChIJiaKOUdSp44kRJXYCYUbfzQk,M&T Bank,"148 Lowell St, Methuen, MA 01844, United States",Massachusetts
ChIJYWDNn8QW44kRe6DXUjPsOZ0,M&T Bank,"63 Dodge St, Beverly, MA 01915, United States",Massachusetts
ChIJSQFq40bX5okRkK_xKzSduJc,M&T Bank,"43 King St, Northampton, MA 01060, United States",Massachusetts
ChIJ2RU_7l1x44kRQwr3SsafaMI,M&T Bank,"51 Commercial St, Malden, MA 02148, United States",Massachusetts
ChIJEQzaDcF344kRADCCWQO4OZ0,M&T Bank,"277 Trapelo Rd, Belmont, MA 02478, United States",Massachusetts
ChIJRVTJvRsT04kRChlQ-Tn-boI,M&T Bank,"130 Grant St, Buffalo, NY 14213, United States",Michigan
ChIJKa7pFtZr04kRju2PjvoAZ2A,M&T Bank,"2381 Grand Island Blvd, Grand Island, NY 14072, United States",Michigan
ChIJA0MKqBdt04kR0MwPmOaSdPY,M&T Bank,"2882 Delaware Ave, Kenmore, NY 14217, United States",Michigan
ChIJBWjqTpmsSogRyIF4KmHT9Fo,M&T Bank,"46 S 2nd St, Oakland, MD 21550, United States",Michigan
ChIJJ9Xgg3Gmz4kRHonWfMtIbm4,M&T Bank,"405 River Ave, Williamsport, PA 17701, United States",Michigan
ChIJL5yESHJH2YkRBa1bioQ6gcQ,M&T Bank,"1 Herkimer Rd, Utica, NY 13502, United States",Michigan
ChIJD0wTupVbtokRL4CzNh0KbFU,M&T Bank,"9408 Grant Ave, Manassas, VA 20110, United States",Michigan
ChIJX9jpRctwxokRxzx1RFnvwJ4,M&T Bank,"50 N 5th St, Reading, PA 19601, United States",Michigan
ChIJrwHE4xaut4kRh3CDc50s3c0,M&T Bank,"7485 Richmond Hwy, Alexandria, VA 22306, United States",Michigan
ChIJLxdajB3ExokRcK2VzU4UlJ0,M&T Bank,"6301 Woodland Ave, Philadelphia, PA 19142, United States",Michigan
ChIJ78EnmZ4EyIkRJQ13VY0xOkQ,M&T Bank,"7 N Calvert St, Baltimore, MD 21202, United States",Michigan
ChIJKdxjjuySyYkRnZyCtO2VRy8,M&T Bank,"13409 Pennsylvania Ave, Hagerstown, MD 21742, United States",Michigan
ChIJNV2SELIhyIkRjXADuv74e0w,M&T Bank,"10100 Baltimore National Pike, Ellicott City, MD 21042, United States",Michigan
ChIJgRmFXcX2t4kRqRrw__OCLLo,M&T Bank,"2027 Somerville Rd, Annapolis, MD 21401, United States",Michigan
ChIJhcrjNeFYwokRHJ3CP9VMS5w,M&T Bank,"1034 2nd Ave, New York, NY 10022, United States",Michigan
ChIJ0x7HRuD3wokRee4RwCo-W9g,M&T Bank,"7533 Bergenline Ave, North Bergen, NJ 07047, United States",Montana
ChIJNV2SELIhyIkRjXADuv74e0w,M&T Bank,"10100 Baltimore National Pike, Ellicott City, MD 21042, United States",Montana
ChIJRVTJvRsT04kRChlQ-Tn-boI,M&T Bank,"130 Grant St, Buffalo, NY 14213, United States",Montana
ChIJmVskyKdZwokRYZRTF_MdL9E,M&T Bank,"470 Park Ave S, New York, NY 10016, United States",Montana
ChIJ0x3MDwBZwokR5fSTC_5RuY4,M&T Bank,"11 W 42nd St, New York, NY 10036, United States",Montana
ChIJublWMZe3t4kR8l5JWBZXSxI,M&T Bank,"555 12th St NW, Washington, DC 20004, United States",Montana
ChIJX9jpRctwxokRxzx1RFnvwJ4,M&T Bank,"50 N 5th St, Reading, PA 19601, United States",Montana
ChIJAzju86C5t4kRp_Ufu7D1RXU,M&T Bank,"2865 Alabama Ave SE, Washington, DC 20020, United States",Montana
ChIJn-MVUKz3wokRKBKBfCfCV0s,M&T Bank,"680 Anderson Ave #684, Cliffside Park, NJ 07010, United States",Montana
ChIJgRmFXcX2t4kRqRrw__OCLLo,M&T Bank,"2027 Somerville Rd, Annapolis, MD 21401, United States",Montana
ChIJ2dzb6Lxx04kRZvS3aWGDYHk,M&T Bank Corporate Office,"40 John Glenn Dr, Buffalo, NY 14228, United States",Montana
ChIJtch_WgF004kR5yudracLLz8,M&T Bank Corporation's Shareholder Relations Department,"One M&T Plaza, Buffalo, NY 14203, United States",Montana
ChIJKa7pFtZr04kRju2PjvoAZ2A,M&T Bank,"2381 Grand Island Blvd, Grand Island, NY 14072, United States",Montana
ChIJhcrjNeFYwokRHJ3CP9VMS5w,M&T Bank,"1034 2nd Ave, New York, NY 10022, United States",Montana
ChIJWyBfDAtZwokRvSP8ZUuxUV8,M&T Bank,"397 1st Ave., New York, NY 10010, United States",Montana
ChIJBWjqTpmsSogRyIF4KmHT9Fo,M&T Bank,"46 S 2nd St, Oakland, MD 21550, United States",Montana
ChIJKdxjjuySyYkRnZyCtO2VRy8,M&T Bank,"13409 Pennsylvania Ave, Hagerstown, MD 21742, United States",Montana
ChIJA0MKqBdt04kR0MwPmOaSdPY,M&T Bank,"2882 Delaware Ave, Kenmore, NY 14217, United States",Montana
ChIJ3_h_V1ZYwokRWPtrI_6AYH8,M&T Bank,"830 8th Ave, New York, NY 10019, United States",Montana
ChIJ78EnmZ4EyIkRJQ13VY0xOkQ,M&T Bank,"7 N Calvert St, Baltimore, MD 21202, United States",Montana
ChIJRd2cXatP4okRzaSu6BjzPg0,M&T Bank,"655 S Willow St Suite 109, Manchester, NH 03103, United States",New Hampshire
ChIJly-ylRb94okR7LB8UkC0f34,M&T Bank,"76 Main St, Plaistow, NH 03865, United States",New Hampshire
ChIJzdgT7puw44kROrjd5KZi91Q,M&T Bank,"125 Daniel Webster Hwy, Nashua, NH 03060, United States",New Hampshire
ChIJj6KBLGTA4okRwq00yFHmsF0,M&T Bank,"1555 Lafayette Rd, Portsmouth, NH 03801, United States",New Hampshire
ChIJS5SHfGyb4okRunrxY-NG2ik,M&T Bank,"110 S Main St, Rochester, NH 03867, United States",New Hampshire
ChIJOa7xaJaT4okRzScfCeefI58,M&T Bank,"70 Main St, Durham, NH 03824, United States",New Hampshire
ChIJDWi5Wxj24okRlN7cAgvhEMk,M&T Bank,"55 Main St, Raymond, NH 03077, United States",New Hampshire
ChIJsTKw2DlP4okRIQIAURvodfE,M&T Bank,"1750 Elm St Suite 110, Manchester, NH 03104, United States",New Hampshire
ChIJVXQlcxr_4okR-ftfUrRsYpM,M&T Bank,"456 Route, 111 Village Square, Hampstead, NH 03841, United States",New Hampshire
ChIJAQAAAPAR4YkR1XVQIedpziQ,M&T Bank,"746 NH-63, Chesterfield, NH 03443, United States",New Hampshire
ChIJtX88GxGX4okRADZWK38eLek,M&T Bank,"537 Central Ave, Dover, NH 03820, United States",New Hampshire
ChIJI9EMqWWW4IkRv6VG5kNRUQA,M&T Bank,"401 Main St, Salem, NH 03079, United States",New Hampshire
ChIJN1K3wIS_4okRHGzGJtM1-DI,M&T Bank ATM,"325 State Street, Portsmouth, NH 03801, United States",New Hampshire
ChIJq2Mh74wls0wRbHgTBWnGZas,M&T Bank,"15 Varney Rd, Wolfeboro, NH 03894, United States",New Hampshire
ChIJE41Pr4NT4okRTEXD7OVvIog,M&T Bank ATM,"51 Crystal Ave, Derry, NH 03038, United States",New Hampshire
ChIJnxEb2ru044kRx2KvJTtPNYk,M&T Bank,"707 Milford Rd, Merrimack, NH 03054, United States",New Hampshire
ChIJNcubjZcls0wRpsvkw22OWbE,M&T Bank ATM,"15 Varney Rd, Wolfeboro, NH 03894, United States",New Hampshire
ChIJ5yK3Y1bu4okRpyyJDbbkacA,M&T Bank,"80 Main St, Exeter, NH 03833, United States",New Hampshire
ChIJ1QVv3Pvu4okRyAUmtGBcYI4,M&T Bank,"1 Center St, Exeter, NH 03833, United States",New Hampshire
ChIJ98au0z_o4okRV71iZ5NuZfk,M&T Bank,"117 Winnacunnet Rd, Hampton, NH 03842, United States",New Hampshire
ChIJKXbttZXCw4kR4Jm5xS-_eVI,M&T Bank,"3562 NJ-27 Suite 130, Kendall Park, NJ 08824, United States",New Jersey
ChIJ0e6gXP7KxokRRiWZDccrtm8,M&T Bank,"2335 Church Rd, Cherry Hill, NJ 08002, United States",New Jersey
ChIJmXlbgn-yw4kRubVIAo30W18,M&T Bank,"365 Tucker Ave, Union, NJ 07083, United States",New Jersey
ChIJobyjeR5RwokRsVjbDV2Jj1A,M&T Bank,"532 Ocean Ave, Jersey City, NJ 07305, United States",New Jersey
ChIJ8_-cBqj_wokRTT6hCkrD7lI,M&T Bank,"887 Allwood Rd, Clifton, NJ 07012, United States",New Jersey
ChIJ-_C9uYFTwokR-cf4c6DeVhA,M&T Bank,"60 Park Pl, Newark, NJ 07102, United States",New Jersey
ChIJtU7cIQt4wYkRqZfEvc_yc18,M&T Bank,"1328 River Ave, Lakewood, NJ 08701, United States",New Jersey
ChIJJZFiDkowwokRZVC-bHMlSXc,M&T Bank,"75 NJ-35, Red Bank, NJ 07701, United States",New Jersey
ChIJn-MVUKz3wokRKBKBfCfCV0s,M&T Bank,"680 Anderson Ave #684, Cliffside Park, NJ 07010, United States",New Jersey
ChIJs-17Zxaqw4kRJfRAOXItFJo,M&T Bank,"187 Eagle Rock Ave, Roseland, NJ 07068, United States",New Jersey
ChIJ0x7HRuD3wokRee4RwCo-W9g,M&T Bank,"7533 Bergenline Ave, North Bergen, NJ 07047, United States",New Jersey
ChIJq9PPinPMxokRYRGNAaYtlVc,M&T Bank,"116 Kings Hwy E, Haddonfield, NJ 08033, United States",New Jersey
ChIJN-01zTBXwokRDotraCj6T4M,M&T Bank,"587 Summit Ave, Jersey City, NJ 07306, United States",New Jersey
ChIJqwJRjivEw4kRKgHITOljzbI,M&T Bank,"523 Shoppes Blvd, North Brunswick Township, NJ 08902, United States",New Jersey
ChIJm3eLy8Dbw4kRqg9sUCqPBTo,M&T Bank,"355 Applegarth Rd, Monroe Township, NJ 08831, United States",New Jersey
ChIJyysZP3r6wokRN2abCPw1H0g,M&T Bank,"1070 Main St, River Edge, NJ 07661, United States",New Jersey
ChIJkecTDgL7wokRJsagICVVeT4,M&T Bank,"80 W Century Rd, Paramus, NJ 07652, United States",New Jersey
ChIJM71fp6ixw4kR5oWBXZRTpgg,M&T Bank,"119 Central Ave, Westfield, NJ 07090, United States",New Jersey
ChIJL9Fn1tVQwokR8RUHbCiv7YI,M&T Bank,"2530 John F. Kennedy Blvd, Jersey City, NJ 07304, United States",New Jersey
ChIJ-UL70r2ow4kRNAITuAtC_hI,M&T Bank,"18 James St, Florham Park, NJ 07932, United States",New Jersey
ChIJ0x3MDwBZwokR5fSTC_5RuY4,M&T Bank,"11 W 42nd St, New York, NY 10036, United States",New York
ChIJmVskyKdZwokRYZRTF_MdL9E,M&T Bank,"470 Park Ave S, New York, NY 10016, United States",New York
ChIJ3_h_V1ZYwokRWPtrI_6AYH8,M&T Bank,"830 8th Ave, New York, NY 10019, United States",New York
ChIJhcrjNeFYwokRHJ3CP9VMS5w,M&T Bank,"1034 2nd Ave, New York, NY 10022, United States",New York
ChIJWyBfDAtZwokRvSP8ZUuxUV8,M&T Bank,"397 1st Ave., New York, NY 10010, United States",New York
ChIJa5PXJg32wokRBIeCbXXuV2U,M&T Bank,"310 Lenox Ave, New York, NY 10027, United States",New York
ChIJIRNdYU5cwokRvgx8LebXGvY,M&T Bank,"2664 Atlantic Ave, Brooklyn, NY 11207, United States",New York
ChIJh6d3h5eJwokR4Gsy_vQBWl8,M&T Bank,"23-25 N Station Plaza, Great Neck, NY 11021, United States",New York
ChIJ84b4oCRZwokRWopHTfZ217U,M&T Bank,"1030 Jackson Ave, Long Island City, NY 11101, United States",New York
ChIJ_2FBLplgwokRcB1D1no-S_Y,M&T Bank,"101-25 Queens Blvd, Forest Hills, NY 11375, United States",New York
ChIJC6Ccc6hbwokRwhQ6jqnoCU8,M&T Bank,"184 Sterling Pl, Brooklyn, NY 11217, United States",New York
ChIJQ3OcfYfzwokRfj9ZpJ0AB-4,M&T Bank,"2460 Grand Concourse, Bronx, NY 10458, United States",New York
ChIJ76Iuw3WNwokRaILPvgOriwQ,M&T Bank,"88 4th St, New Rochelle, NY 10801, United States",New York
ChIJU8NN6v1YwokRhx2wtE_pSxE,M&T Bank,"250 Park Ave, New York, NY 10177, United States",New York
ChIJIaK3XrxZwokRtmpqSogPBxw,M&T Bank,"127 7th Ave, New York, NY 10011, United States",New York
ChIJUdqucdxZwokRnYLACZs0eOM,M&T Bank,"242 W 34th St., New York, NY 10119, United States",New York
ChIJf5u8o0pKwokR6Ry7-Sz56Es,M&T Bank,"4106 Hylan Blvd, Staten Island, NY 10308, United States",New York
ChIJNbzwNgxZwokRrtof0dEwfb8,M&T Bank ATM,"Aka, 127 7th Avenue, 166 W 18th St Unit 2, New York, NY 10011, United States",New York
ChIJW6hBPKxNwokR-uDbRTRpJq0,M&T Bank,"2220 Forest Ave, Staten Island, NY 10303, United States",New York
ChIJb_I1BFxFwokRmfwBmHApZ30,M&T Bank,"7807 5th Ave, Brooklyn, NY 11209, United States",New York
ChIJNZDcxYOwU4gRbO6Bx4fcTZE,ATM M&t Bank,"2505 Somerset Center Dr, Winston-Salem, NC 27103, United States",North Carolina
ChIJyzMaRy8bU4gRtq6r-jq0HHY,ATM M&t Bank,"5421 Hornaday Rd, Greensboro, NC 27407, United States",North Carolina
ChIJNXE-PGGHrokRPqLybLhcd1k,ATM M&t Bank,"1690 Benvenue Rd, Rocky Mount, NC 27804, United States",North Carolina
ChIJq9Z6mh99rokRXjNSz7vwQ50,ATM M&t Bank,"3715 N Wesleyan Blvd, Rocky Mount, NC 27804, United States",North Carolina
ChIJ66F6udtbUYgRGOX0Mb_B_RU,ATM M&t Bank,"1244 Wilkesboro Hwy, Statesville, NC 28625, United States",North Carolina
ChIJA8AFxN0AU4gRoq-naCv-AWg,ATM M&t Bank,"790 N Main St, Kernersville, NC 27284, United States",North Carolina
ChIJGWvpegUQU4gRcewgfXI3hLw,ATM M&t Bank,"1001 Gardner Hill Drive, Greensboro, NC 27407, United States",North Carolina
ChIJc_RxBv0rU4gRosdvX2M5FTk,ATM M&t Bank,"2628 Alamance Rd, Burlington, NC 27215, United States",North Carolina
ChIJCTbzsmVErIkR1BV0vo7m1M4,ATM M&t Bank,"505 Wendell Blvd, Wendell, NC 27591, United States",North Carolina
ChIJZU4BZPvnrokR4sRb2zBUBNw,ATM M&t Bank,"1000 Charles Blvd, Greenville, NC 27858, United States",North Carolina
ChIJm9sxB7wNU4gRTAdojpH7dBk,ATM M&t Bank,"10206 S Main St, Archdale, NC 27263, United States",North Carolina
ChIJqaNteT3drokRHewzISvnssM,ATM M&t Bank,"2100 County Home Rd, Greenville, NC 27858, United States",North Carolina
ChIJ-ZWUcNLQNogRs-TflxO44SI,ATM M&t Bank,"2939 Whipple Ave NW, Canton, OH 44708, United States",Ohio
ChIJ9YhfuMCWMIgR8Eq3E1jqsuk,ATM M&t Bank,"32390 Lorain Rd, North Ridgeville, OH 44039, United States",Ohio
ChIJKSED86PfM4gREO89e7MUD1o,ATM M&t Bank,"Elm Rd NE &, N River Rd NE, Warren, OH 44484, United States",Ohio
ChIJdRXZ7XAoMYgRV4fAQvULKGs,ATM M&t Bank,"1210 Main St, Cuyahoga Falls, OH 44221, United States",Ohio
ChIJh-sUoOkiMYgRCb28OYTvUrc,ATM M&t Bank,"9745 OH-14, Streetsboro, OH 44241, United States",Ohio
ChIJzfmh4X4KMYgR0f-qFgahRAQ,ATM M&t Bank,"435 Water St, Chardon, OH 44024, United States",Ohio
ChIJHT8FJ3cfMogRWCZRq_hBU40,ATM M&t Bank,"2411 N Ridge Rd E, Ashtabula, OH 44004, United States",Ohio
ChIJ4Tgy4vm0NogR3fuL7_EKj2g,ATM M&t Bank,"236 W State St, Alliance, OH 44601, United States",Ohio
ChIJXbcaYwLAMIgR2-yIuALu4jc,ATM M&t Bank,"21034 Royalton Rd, Strongsville, OH 44149, United States",Ohio
ChIJ4USbPB3jM4gRnyEgH0-Fu4M,ATM M&t Bank,"5499 Mahoning Ave, Austintown, OH 44515, United States",Ohio
ChIJXQXoLiT6M4gRPrYEaGOYpGw,ATM M&t Bank,"9010 Market St, North Lima, OH 44452, United States",Ohio
ChIJi6Plv2P8M4gRpzushA0ms48,ATM M&t Bank,"4585 Boardman-Canfield Rd, Canfield, OH 44406, United States",Ohio
ChIJw8lvXP_jM4gRJKY0rrRhLh0,ATM M&t Bank,"2721 Salt Springs Rd, Girard, OH 44420, United States",Ohio
ChIJ__v4AmO_M4gR6h5bgeExdZQ,ATM M&t Bank,"1650 N Hermitage Rd, Hermitage, PA 16148, United States",Ohio
ChIJx6vfGtyoMYgRksDS9pzCayc,M&T Bank ATM,"7777 Reynolds Rd, Mentor, OH 44060, United States",Ohio
ChIJGcx0riJzlVQRXiAs3s31LOQ,M&T Bank,"4949 Meadows Rd #500, Lake Oswego, OR 97035, United States",Oregon
ChIJZxZ-hrqJxIkRphFJzw_mwPA,M&T Bank,"900 N 9th St, Stroudsburg, PA 18360, United States",Pennsylvania
ChIJieTUfZS4yIkRrvbjhC8A32A,M&T Bank,"4950 Jonestown Rd, Harrisburg, PA 17109, United States",Pennsylvania
ChIJkzQeFec9xYkRe_N4O5CuTSM,M&T Bank,"2839 PA-309, Dallas, PA 18612, United States",Pennsylvania
ChIJKdxjjuySyYkRnZyCtO2VRy8,M&T Bank,"13409 Pennsylvania Ave, Hagerstown, MD 21742, United States",Pennsylvania
ChIJ9yNs0yiJyIkR8gDJwEX1qsU,M&T Bank,"2055 S Queen St, York, PA 17403, United States",Pennsylvania
ChIJAaCpYCWMyIkRjkH9LhsNYVI,M&T Bank,"425 Loucks Rd, York, PA 17404, United States",Pennsylvania
ChIJUfr5yMh3xokRcXepgL9oCoQ,M&T Bank,"4435 Pottsville Pike, Reading, PA 19605, United States",Pennsylvania
ChIJiZAnxfg-xIkRVBZHUJ8jMmc,M&T Bank,"510 W Broad St, Bethlehem, PA 18018, United States",Pennsylvania
ChIJcXxel47uxYkRGfodJ_o7flE,M&T Bank,"1826 W Market St, Pottsville, PA 17901, United States",Pennsylvania
ChIJRz7VCmm_yIkRvN953jBmlwo,M&T Bank,"4200 Derry St, Harrisburg, PA 17111, United States",Pennsylvania
ChIJD7VNCGYjxokRbLfoyAQgfww,M&T Bank,"1701 Oregon Pike, Lancaster, PA 17601, United States",Pennsylvania
ChIJuzRusKbuxYkR4jXS87_VDFQ,M&T Bank,"1 S Centre St, Pottsville, PA 17901, United States",Pennsylvania
ChIJA9sa0SzyzokR9sl0Cgr4QIc,M&T Bank,"283 Hogan Blvd, Mill Hall, PA 17751, United States",Pennsylvania
ChIJq4wejPAaxYkRA2D2hI1GlC4,M&T Bank,"115 J Campbell Collins Dr, Wilkes-Barre, PA 18702, United States",Pennsylvania
ChIJf1q7Dx1oxokR5TEld_iXHMg,M&T Bank,"4711 Horseshoe Pike, Honey Brook, PA 19344, United States",Pennsylvania
ChIJX335JCxxxokRjNDNf4hWOVw,M&T Bank,"800 Penn Ave, Wyomissing, PA 19610, United States",Pennsylvania
ChIJUSsb3lqYyIkRXqz6nn4aP-4,M&T Bank,"104 S Market St, Elizabethtown, PA 17022, United States",Pennsylvania
ChIJS_8tpeOoz4kRz7oA5Wr6k_o,M&T Bank,"2001 W 4th St, Williamsport, PA 17701, United States",Pennsylvania
ChIJZT_HcbGozokRCjyGx0qRzwQ,M&T Bank,"1330 S Atherton St, State College, PA 16801, United States",Pennsylvania
ChIJCZpRvEKMyIkRwtJIauTJ-bM,M&T Bank,"1475 Kenneth Rd, York, PA 17408, United States",Pennsylvania
ChIJz3DtB9NP5IkRKDxGQHf2DcI,M&T Bank ATM,"1776 Post Rd, Warwick, RI 02888, United States",Rhode Island
ChIJQVCrWxZF5IkRDZlUVOq_Akg,M&T Bank ATM,"288 Kinsley Ave, Providence, RI 02903, United States",Rhode Island
ChIJe451Jo5b5IkR5Cc7LwTZSYM,M&T Bank ATM,"965 Fall River Ave, Seekonk, MA 02771, United States",Rhode Island
ChIJGUmPx-B9VIcR2QIr5Vss694,ATM (M&T Bank),"550 Main St #218, Logan, UT 84321, United States",Utah
ChIJX9AZpwpxtkwRhRrlzVDFCEU,M&T Bank,"59 Main St, Newport, VT 05855, United States",Vermont
ChIJHfc2YDF6ykwRS8QDp2NdZLA,M&T Bank,"99 Dorset St, South Burlington, VT 05403, United States",Vermont
ChIJVaj86pN7ykwRlgUk1Ezlpk4,M&T Bank,"1001 Shelburne Rd, South Burlington, VT 05403, United States",Vermont
ChIJv_zzBU13ykwRRfRx66Oh1qU,M&T Bank,"50 Sunderland Way, Essex Junction, VT 05452, United States",Vermont
ChIJTyufzPB6ykwRgA-z67wLbHA,M&T Bank,"77 Pine St, Burlington, VT 05401, United States",Vermont
ChIJixFGgrx5ykwR936afGpB9UI,M&T Bank ATM,"421 Blair Park Rd, Williston, VT 05495, United States",Vermont
ChIJHddXfNt9ykwRuIUX6G9vftc,M&T Bank,"10 Shelburne Shopping Park, Shelburne, VT 05482, United States",Vermont
ChIJs0TxbKt6ykwRuyHGdJO_vVk,M&T Bank,"1070 North Ave, Burlington, VT 05408, United States",Vermont
ChIJsfOkbYR7ykwRuHfWvFLA8WQ,M&T Bank ATM,"77 Pine St, Burlington, VT 05401, United States",Vermont
ChIJAQAAABBS4IkRAcMvVVHNKig,M&T Bank,"5700 Vermont Rte 100 Suite #H-20, Londonderry, VT 05148, United States",Vermont
ChIJ-fP_RCBzykwRt5X7WwZwI8Y,M&T Bank,"193 US-7, Milton, VT 05468, United States",Vermont
ChIJQcwmQY6W4IkRvyEZ0GwHbmU,M&T Bank,"37 Bennington Square, Bennington, VT 05201, United States",Vermont
ChIJi6bcGy5uykwRbc8oh1oCCEs,M&T Bank,"794 W Lakeshore Dr, Colchester, VT 05446, United States",Vermont
ChIJ_37NeH3KtEwRMQOn591hexY,M&T Bank,"190 Maple St, White River Junction, VT 05001, United States",Vermont
ChIJG59VqGMk4IkR3HhMmmaWNe0,M&T Bank,"87 West St, Rutland, VT 05701, United States",Vermont
ChIJQx9_T2mk4YkRFXm7o3rJ1Dg,M&T Bank,"25 The Square, Bellows Falls, VT 05101, United States",Vermont
ChIJxxSANFR4ykwRf_LBZo6tlnA,M&T Bank,"421 Blair Park Rd, Williston, VT 05495, United States",Vermont
ChIJPTUR_mqx4YkR93hH4UDm3CI,M&T Bank,"57 S Main St, Chester, VT 05143, United States",Vermont
ChIJfQBekcnK4YkRBbqqiNDAzu4,M&T Bank,"213 Main St, Ludlow, VT 05149, United States",Vermont
ChIJS0CdC0Ve4IkRcBi4yYkhOhE,M&T Bank,"4993 Main St, Manchester Center, VT 05255, United States",Vermont
ChIJgdEV-sq1t4kRfeF8D56kWpk,M&T Bank,"4736 Langston Blvd., Arlington, VA 22207, United States",Virginia
ChIJ26hZnetWtokRmZQnqdNv4H8,M&T Bank,"12451 Hedges Run Dr, Woodbridge, VA 22192, United States",Virginia
ChIJaRpFFt9MtokRTFQrxS01wKg,M&T Bank,"7857 Heritage Dr, Annandale, VA 22003, United States",Virginia
ChIJNYdf4AAUsYkRkUpHp66GonA,M&T Bank,"3124 W Broad St, Richmond, VA 23230, United States",Virginia
ChIJwxLxgBJPtokRHJHdWjAH2Zg,M&T Bank,"11721 Lee Hwy, Fairfax, VA 22030, United States",Virginia
ChIJrwHE4xaut4kRh3CDc50s3c0,M&T Bank,"7485 Richmond Hwy, Alexandria, VA 22306, United States",Virginia
ChIJc875fQRMtokRhuryBhulI2g,M&T Bank,"9720 Lee Hwy, Fairfax, VA 22031, United States",Virginia
ChIJ08_Kf3lLtokR5wVSWeLFAH8,M&T Bank,"8414 Lee Hwy, Fairfax, VA 22031, United States",Virginia
ChIJq2coxH49tokRgBnzonoEI5U,M&T Bank,"341 E Market St, Leesburg, VA 20176, United States",Virginia
ChIJ8yiQ9r_BtokRlxVuixuuCes,M&T Bank,"2062 Plank Rd, Fredericksburg, VA 22401, United States",Virginia
ChIJN2bEH8C0t4kR21uJ8NDFd-0,M&T Bank,"133 S Washington St, Falls Church, VA 22046, United States",Virginia
ChIJXe1bpU88sYkRcm_QKtyFx_M,M&T Bank,"9695 Sliding Hill Rd, Ashland, VA 23005, United States",Virginia
ChIJ25jArtA-tokRwD4jY2E_2-c,M&T Bank,"43911 Farmwell Hunt Plaza, Ashburn, VA 20147, United States",Virginia
ChIJDVHsv1Gwt4kREwl9cfGjYUU,M&T Bank,"833 S Washington St, Alexandria, VA 22314, United States",Virginia
ChIJX4VyJfAXsYkR85b_y_eiML4,M&T Bank,"8206 Atlee Rd, Mechanicsville, VA 23116, United States",Virginia
ChIJbe81J-5EtokRbFp-7HMHuoU,M&T Bank,"14245-R Centreville Square, Centreville, VA 20121, United States",Virginia
ChIJ-dQZpvRHtokRPRRDzpQcN7Q,M&T Bank,"1025 Herndon Pkwy, Herndon, VA 20170, United States",Virginia
ChIJhRb86go5tokRC0y6zoLEgSo,M&T Bank,"21099 Dulles Town Cir, Sterling, VA 20166, United States",Virginia
ChIJTcz54LxqsYkR483yVWYxDts,M&T Bank,"10791 W Broad St, Glen Allen, VA 23060, United States",Virginia
ChIJsRXHSwVItokR0gtusZtR7cg,M&T Bank,"12170 Sunset Hills Rd, Reston, VA 20190, United States",Virginia
ChIJublWMZe3t4kR8l5JWBZXSxI,M&T Bank,"555 12th St NW, Washington, DC 20004, United States",Washington
ChIJWdQfub63t4kRnlswNFhtSYA,M&T Bank,"1680 K St NW, Washington, DC 20006, United States",Washington
ChIJqw9bs6PJt4kRnR7E0MzEXpw,M&T Bank,"5630 Connecticut Ave NW, Washington, DC 20015, United States",Washington
ChIJwyFVbNS3t4kR20IXmZLuDeo,M&T Bank,"2620 Connecticut Ave NW, Washington, DC 20008, United States",Washington
ChIJs9Ns2pW3t4kRMuHVPMl0Lj0,M&T Bank,"1899 L St NW, Washington, DC 20036, United States",Washington
ChIJAzju86C5t4kRp_Ufu7D1RXU,M&T Bank,"2865 Alabama Ave SE, Washington, DC 20020, United States",Washington
ChIJb5OUiYnIt4kREyuxxiMHZKA,M&T Bank,"6434 Georgia Ave NW West, Washington, DC 20012, United States",Washington
ChIJDVHsv1Gwt4kREwl9cfGjYUU,M&T Bank,"833 S Washington St, Alexandria, VA 22314, United States",Washington
ChIJrYV4C-C7t4kRn7E89bWQT1c,M&T Bank,"6262 Oxon Hill Rd, Oxon Hill, MD 20745, United States",Washington
ChIJQQLtzJC3t4kRxZ6jhLSQ8MA,M&T Bank ATM,"555 12th St NW, Washington, DC 20004, United States",Washington
ChIJMaQYsbm3t4kRC-UhED0Avl0,M&T Bank ATM,"1899 L St NW, Washington, DC 20036, United States",Washington
ChIJr3GLbbu3t4kRxcF76ncNB_4,M&T Bank ATM,"1680 K St NW, Washington, DC 20006, United States",Washington
ChIJN2bEH8C0t4kR21uJ8NDFd-0,M&T Bank,"133 S Washington St, Falls Church, VA 22046, United States",Washington
ChIJUQczbNS3t4kRj-5PnsoSgMY,M&T Bank ATM,"2620 Connecticut Avenue, NW, Washington, DC 20008, United States",Washington
ChIJRf-CtKPJt4kRSKwTW5hhGFs,M&T Bank ATM,"5630 Connecticut Ave NW, Washington, DC 20015, United States",Washington
ChIJ-TgNj6C5t4kRVXY1ANl_ZYQ,M&T Bank ATM,"2865 Alabama Ave SE, Washington, DC 20020, United States",Washington
ChIJ66qOKrjIt4kRdSEuNRj4xpk,M&T Bank,"8730 Georgia Ave, Silver Spring, MD 20910, United States",Washington
ChIJb5OUiYnIt4kRXOMeb66rtKI,M&T Bank ATM,"6434 Georgia Ave NW, Washington, DC 20012, United States",Washington
ChIJRSeQC3vJt4kRObF9qnPmGhY,M&T Bank,"4800 Hampden Ln, Bethesda, MD 20814, United States",Washington
ChIJgdEV-sq1t4kRfeF8D56kWpk,M&T Bank,"4736 Langston Blvd., Arlington, VA 22207, United States",Washington
ChIJcdWLxzRgtYkRwtFm5elOyvg,M&T Bank,"67 N Main St, Keyser, WV 26726, United States",West Virginia
ChIJMxZCFC2CyokR97PwyakCCmE,M&T Bank,"23 Presidents St, Fort Ashby, WV 26719, United States",West Virginia
ChIJeeJHUrprTogRx3EGhAFG_V0,ATM M&t Bank,"151 Courthouse Rd, Princeton, WV 24740, United States",West Virginia
ChIJ7UwYTDZVSYgR6qeFfgJsVJ4,ATM M&t Bank,"1300 Wal St, Summersville, WV 26651, United States",West Virginia
ChIJp_sBtqswNIgRBjdr5ROeVHs,ATM M&t Bank,"341 Penco Rd, Weirton, WV 26062, United States",West Virginia
ChIJw4NtuU4UtYkRaXFNdCtNwJE,ATM M&t Bank,"701 N Main St, Moorefield, WV 26836, United States",West Virginia
ChIJw9J8DQO_TogRpP8bavnVWig,ATM M&t Bank,"27 Whitewater Ave, Fayetteville, WV 25840, United States",West Virginia
ChIJq9_ZRWo7tYkRkQqzDN_aQZ4,ATM M&t Bank,"299 Bryan St, Petersburg, WV 26847, United States",West Virginia
ChIJYfDMvX6sSIgR01eH4zU99Ks,ATM M&t Bank,"1304 Johns Creek Rd, Milton, WV 25541, United States",West Virginia
ChIJpyKQ5tCPyokR3NqZ1dUEaH0,M&T Bank,"1201 National Hwy, La Vale, MD 21502, United States",West Virginia
ChIJdW-Zhe7zyYkRuy6XMOPdBm4,M&T Bank,"14 W Potomac St, Williamsport, MD 21795, United States",West Virginia
ChIJ_zFos-yDyokRCmssc4Z95vE,M&T Bank ATM,"23 Presidents St, Fort Ashby, WV 26719, United States",West Virginia
ChIJo4tbivTyyYkRYUdtoLN8ZKk,M&T Bank,"17301 Valley Mall Rd, Hagerstown, MD 21740, United States",West Virginia
ChIJ5bBeOC2PyokRA9-y_skkWlU,M&T Bank,"1150 W Industrial Blvd, Cumberland, MD 21502, United States",West Virginia
ChIJDX7PskGgyokRJbWVYEpcBzw,M&T Bank,"51 Main St, Westernport, MD 21562, United States",West Virginia
ChIJQ6_Pf98fyokRopXfLw1ueVM,M&T Bank,"121 S Mill St, Clear Spring, MD 21722, United States",West Virginia
ChIJOVVPfcWOyokRxWVhYLsNDWM,M&T Bank,"166 Baltimore St, Cumberland, MD 21502, United States",West Virginia
ChIJ8R4Ze3jyyYkRRDw6XV9tsvA,M&T Bank,"10721 Fairway Ln, Hagerstown, MD 21740, United States",West Virginia
ChIJkUN3A409yokRgSizfjkkPRk,M&T Bank,"279 N Pennsylvania Ave, Hancock, MD 21750, United States",West Virginia
ChIJBWjqTpmsSogRyIF4KmHT9Fo,M&T Bank,"46 S 2nd St, Oakland, MD 21550, United States",West Virginia
ChIJobuYHKAZxYkRDjfIE1R9aq4,M&T Bank,"1066 Wyoming Ave, Wyoming, PA 18644, United States",Wyoming
ChIJG4dephAaxYkREb8pKuwe-uY,M&T Bank,"800 Wyoming Ave, Kingston, PA 18704, United States",Wyoming
ChIJb5OUiYnIt4kREyuxxiMHZKA,M&T Bank,"6434 Georgia Ave NW West, Washington, DC 20012, United States",District of Columbia
ChIJs9Ns2pW3t4kRMuHVPMl0Lj0,M&T Bank,"1899 L St NW, Washington, DC 20036, United States",District of Columbia
ChIJWdQfub63t4kRnlswNFhtSYA,M&T Bank,"1680 K St NW, Washington, DC 20006, United States",District of Columbia
ChIJqw9bs6PJt4kRnR7E0MzEXpw,M&T Bank,"5630 Connecticut Ave NW, Washington, DC 20015, United States",District of Columbia
ChIJwyFVbNS3t4kR20IXmZLuDeo,M&T Bank,"2620 Connecticut Ave NW, Washington, DC 20008, United States",District of Columbia
ChIJAzju86C5t4kRp_Ufu7D1RXU,M&T Bank,"2865 Alabama Ave SE, Washington, DC 20020, United States",District of Columbia
ChIJublWMZe3t4kR8l5JWBZXSxI,M&T Bank,"555 12th St NW, Washington, DC 20004, United States",District of Columbia
ChIJDVHsv1Gwt4kREwl9cfGjYUU,M&T Bank,"833 S Washington St, Alexandria, VA 22314, United States",District of Columbia
ChIJ66qOKrjIt4kRdSEuNRj4xpk,M&T Bank,"8730 Georgia Ave, Silver Spring, MD 20910, United States",District of Columbia
ChIJb5OUiYnIt4kRXOMeb66rtKI,M&T Bank ATM,"6434 Georgia Ave NW, Washington, DC 20012, United States",District of Columbia
ChIJUQczbNS3t4kRj-5PnsoSgMY,M&T Bank ATM,"2620 Connecticut Avenue, NW, Washington, DC 20008, United States",District of Columbia
ChIJQQLtzJC3t4kRxZ6jhLSQ8MA,M&T Bank ATM,"555 12th St NW, Washington, DC 20004, United States",District of Columbia
ChIJrYV4C-C7t4kRn7E89bWQT1c,M&T Bank,"6262 Oxon Hill Rd, Oxon Hill, MD 20745, United States",District of Columbia
ChIJ-TgNj6C5t4kRVXY1ANl_ZYQ,M&T Bank ATM,"2865 Alabama Ave SE, Washington, DC 20020, United States",District of Columbia
ChIJRf-CtKPJt4kRSKwTW5hhGFs,M&T Bank ATM,"5630 Connecticut Ave NW, Washington, DC 20015, United States",District of Columbia
ChIJMaQYsbm3t4kRC-UhED0Avl0,M&T Bank ATM,"1899 L St NW, Washington, DC 20036, United States",District of Columbia
ChIJr3GLbbu3t4kRxcF76ncNB_4,M&T Bank ATM,"1680 K St NW, Washington, DC 20006, United States",District of Columbia
